{
  "1": { "id": 5170145012310081615, "title": "❤️ Сердце", "price": 15 },
  "2": { "id": 5170233102089322756, "title": "🐻 Медведь", "price": 15 },
  "3": { "id": 5170250947678437525, "title": "🎁 Подарок", "price": 25 },
  "4": { "id": 5168103777563050263, "title": "🌹 Роза", "price": 25 },
  "5": { "id": 5170144170496491616, "title": "🎂 Торт", "price": 50 },
  "6": { "id": 5170314324215857265, "title": "💐 Цветы", "price": 50 },
  "7": { "id": 5170564780938756245, "title": "🚀 Ракета", "price": 50 },
  "8": { "id": 5168043875654172773, "title": "🏆 Кубок", "price": 100 },
  "9": { "id": 5170690322832818290, "title": "💍 Кольцо", "price": 100 },
  "10": { "id": 5170521118301225164, "title": "💎 Алмаз", "price": 100 },
  "11": { "id": 6028601630662853006, "title": "🍾 Шампанское", "price": 50 },
  "12": { "id": 5922558454332916696, "title": "🎄 Ёлка", "price": 50 },
  "13": { "id": 5956217000635139069, "title": "🐻 Новогодний медведь", "price": 50 }
}